<?xml version="1.0" encoding="UTF-8"?>
<root>
  <item name="com.mixpanel.android.viewcrawler.ViewCrawler MESSAGE_CONNECT_TO_EDITOR">
    <annotation name="android.support.annotation.IntDef">
      <val name="value" val="{com.mixpanel.android.viewcrawler.ViewCrawler.MESSAGE_INITIALIZE_CHANGES, com.mixpanel.android.viewcrawler.ViewCrawler.MESSAGE_CONNECT_TO_EDITOR, com.mixpanel.android.viewcrawler.ViewCrawler.MESSAGE_SEND_STATE_FOR_EDITING, com.mixpanel.android.viewcrawler.ViewCrawler.MESSAGE_HANDLE_EDITOR_CHANGES_RECEIVED, com.mixpanel.android.viewcrawler.ViewCrawler.MESSAGE_SEND_DEVICE_INFO, com.mixpanel.android.viewcrawler.ViewCrawler.MESSAGE_EVENT_BINDINGS_RECEIVED, com.mixpanel.android.viewcrawler.ViewCrawler.MESSAGE_HANDLE_EDITOR_BINDINGS_RECEIVED, com.mixpanel.android.viewcrawler.ViewCrawler.MESSAGE_SEND_EVENT_TRACKED, com.mixpanel.android.viewcrawler.ViewCrawler.MESSAGE_HANDLE_EDITOR_CLOSED, com.mixpanel.android.viewcrawler.ViewCrawler.MESSAGE_VARIANTS_RECEIVED, com.mixpanel.android.viewcrawler.ViewCrawler.MESSAGE_HANDLE_EDITOR_CHANGES_CLEARED, com.mixpanel.android.viewcrawler.ViewCrawler.MESSAGE_HANDLE_EDITOR_TWEAKS_RECEIVED}" />
    </annotation>
  </item>
  <item name="com.mixpanel.android.viewcrawler.ViewCrawler MESSAGE_EVENT_BINDINGS_RECEIVED">
    <annotation name="android.support.annotation.IntDef">
      <val name="value" val="{com.mixpanel.android.viewcrawler.ViewCrawler.MESSAGE_INITIALIZE_CHANGES, com.mixpanel.android.viewcrawler.ViewCrawler.MESSAGE_CONNECT_TO_EDITOR, com.mixpanel.android.viewcrawler.ViewCrawler.MESSAGE_SEND_STATE_FOR_EDITING, com.mixpanel.android.viewcrawler.ViewCrawler.MESSAGE_HANDLE_EDITOR_CHANGES_RECEIVED, com.mixpanel.android.viewcrawler.ViewCrawler.MESSAGE_SEND_DEVICE_INFO, com.mixpanel.android.viewcrawler.ViewCrawler.MESSAGE_EVENT_BINDINGS_RECEIVED, com.mixpanel.android.viewcrawler.ViewCrawler.MESSAGE_HANDLE_EDITOR_BINDINGS_RECEIVED, com.mixpanel.android.viewcrawler.ViewCrawler.MESSAGE_SEND_EVENT_TRACKED, com.mixpanel.android.viewcrawler.ViewCrawler.MESSAGE_HANDLE_EDITOR_CLOSED, com.mixpanel.android.viewcrawler.ViewCrawler.MESSAGE_VARIANTS_RECEIVED, com.mixpanel.android.viewcrawler.ViewCrawler.MESSAGE_HANDLE_EDITOR_CHANGES_CLEARED, com.mixpanel.android.viewcrawler.ViewCrawler.MESSAGE_HANDLE_EDITOR_TWEAKS_RECEIVED}" />
    </annotation>
  </item>
  <item name="com.mixpanel.android.viewcrawler.ViewCrawler MESSAGE_HANDLE_EDITOR_BINDINGS_RECEIVED">
    <annotation name="android.support.annotation.IntDef">
      <val name="value" val="{com.mixpanel.android.viewcrawler.ViewCrawler.MESSAGE_INITIALIZE_CHANGES, com.mixpanel.android.viewcrawler.ViewCrawler.MESSAGE_CONNECT_TO_EDITOR, com.mixpanel.android.viewcrawler.ViewCrawler.MESSAGE_SEND_STATE_FOR_EDITING, com.mixpanel.android.viewcrawler.ViewCrawler.MESSAGE_HANDLE_EDITOR_CHANGES_RECEIVED, com.mixpanel.android.viewcrawler.ViewCrawler.MESSAGE_SEND_DEVICE_INFO, com.mixpanel.android.viewcrawler.ViewCrawler.MESSAGE_EVENT_BINDINGS_RECEIVED, com.mixpanel.android.viewcrawler.ViewCrawler.MESSAGE_HANDLE_EDITOR_BINDINGS_RECEIVED, com.mixpanel.android.viewcrawler.ViewCrawler.MESSAGE_SEND_EVENT_TRACKED, com.mixpanel.android.viewcrawler.ViewCrawler.MESSAGE_HANDLE_EDITOR_CLOSED, com.mixpanel.android.viewcrawler.ViewCrawler.MESSAGE_VARIANTS_RECEIVED, com.mixpanel.android.viewcrawler.ViewCrawler.MESSAGE_HANDLE_EDITOR_CHANGES_CLEARED, com.mixpanel.android.viewcrawler.ViewCrawler.MESSAGE_HANDLE_EDITOR_TWEAKS_RECEIVED}" />
    </annotation>
  </item>
  <item name="com.mixpanel.android.viewcrawler.ViewCrawler MESSAGE_HANDLE_EDITOR_CHANGES_CLEARED">
    <annotation name="android.support.annotation.IntDef">
      <val name="value" val="{com.mixpanel.android.viewcrawler.ViewCrawler.MESSAGE_INITIALIZE_CHANGES, com.mixpanel.android.viewcrawler.ViewCrawler.MESSAGE_CONNECT_TO_EDITOR, com.mixpanel.android.viewcrawler.ViewCrawler.MESSAGE_SEND_STATE_FOR_EDITING, com.mixpanel.android.viewcrawler.ViewCrawler.MESSAGE_HANDLE_EDITOR_CHANGES_RECEIVED, com.mixpanel.android.viewcrawler.ViewCrawler.MESSAGE_SEND_DEVICE_INFO, com.mixpanel.android.viewcrawler.ViewCrawler.MESSAGE_EVENT_BINDINGS_RECEIVED, com.mixpanel.android.viewcrawler.ViewCrawler.MESSAGE_HANDLE_EDITOR_BINDINGS_RECEIVED, com.mixpanel.android.viewcrawler.ViewCrawler.MESSAGE_SEND_EVENT_TRACKED, com.mixpanel.android.viewcrawler.ViewCrawler.MESSAGE_HANDLE_EDITOR_CLOSED, com.mixpanel.android.viewcrawler.ViewCrawler.MESSAGE_VARIANTS_RECEIVED, com.mixpanel.android.viewcrawler.ViewCrawler.MESSAGE_HANDLE_EDITOR_CHANGES_CLEARED, com.mixpanel.android.viewcrawler.ViewCrawler.MESSAGE_HANDLE_EDITOR_TWEAKS_RECEIVED}" />
    </annotation>
  </item>
  <item name="com.mixpanel.android.viewcrawler.ViewCrawler MESSAGE_HANDLE_EDITOR_CHANGES_RECEIVED">
    <annotation name="android.support.annotation.IntDef">
      <val name="value" val="{com.mixpanel.android.viewcrawler.ViewCrawler.MESSAGE_INITIALIZE_CHANGES, com.mixpanel.android.viewcrawler.ViewCrawler.MESSAGE_CONNECT_TO_EDITOR, com.mixpanel.android.viewcrawler.ViewCrawler.MESSAGE_SEND_STATE_FOR_EDITING, com.mixpanel.android.viewcrawler.ViewCrawler.MESSAGE_HANDLE_EDITOR_CHANGES_RECEIVED, com.mixpanel.android.viewcrawler.ViewCrawler.MESSAGE_SEND_DEVICE_INFO, com.mixpanel.android.viewcrawler.ViewCrawler.MESSAGE_EVENT_BINDINGS_RECEIVED, com.mixpanel.android.viewcrawler.ViewCrawler.MESSAGE_HANDLE_EDITOR_BINDINGS_RECEIVED, com.mixpanel.android.viewcrawler.ViewCrawler.MESSAGE_SEND_EVENT_TRACKED, com.mixpanel.android.viewcrawler.ViewCrawler.MESSAGE_HANDLE_EDITOR_CLOSED, com.mixpanel.android.viewcrawler.ViewCrawler.MESSAGE_VARIANTS_RECEIVED, com.mixpanel.android.viewcrawler.ViewCrawler.MESSAGE_HANDLE_EDITOR_CHANGES_CLEARED, com.mixpanel.android.viewcrawler.ViewCrawler.MESSAGE_HANDLE_EDITOR_TWEAKS_RECEIVED}" />
    </annotation>
  </item>
  <item name="com.mixpanel.android.viewcrawler.ViewCrawler MESSAGE_HANDLE_EDITOR_CLOSED">
    <annotation name="android.support.annotation.IntDef">
      <val name="value" val="{com.mixpanel.android.viewcrawler.ViewCrawler.MESSAGE_INITIALIZE_CHANGES, com.mixpanel.android.viewcrawler.ViewCrawler.MESSAGE_CONNECT_TO_EDITOR, com.mixpanel.android.viewcrawler.ViewCrawler.MESSAGE_SEND_STATE_FOR_EDITING, com.mixpanel.android.viewcrawler.ViewCrawler.MESSAGE_HANDLE_EDITOR_CHANGES_RECEIVED, com.mixpanel.android.viewcrawler.ViewCrawler.MESSAGE_SEND_DEVICE_INFO, com.mixpanel.android.viewcrawler.ViewCrawler.MESSAGE_EVENT_BINDINGS_RECEIVED, com.mixpanel.android.viewcrawler.ViewCrawler.MESSAGE_HANDLE_EDITOR_BINDINGS_RECEIVED, com.mixpanel.android.viewcrawler.ViewCrawler.MESSAGE_SEND_EVENT_TRACKED, com.mixpanel.android.viewcrawler.ViewCrawler.MESSAGE_HANDLE_EDITOR_CLOSED, com.mixpanel.android.viewcrawler.ViewCrawler.MESSAGE_VARIANTS_RECEIVED, com.mixpanel.android.viewcrawler.ViewCrawler.MESSAGE_HANDLE_EDITOR_CHANGES_CLEARED, com.mixpanel.android.viewcrawler.ViewCrawler.MESSAGE_HANDLE_EDITOR_TWEAKS_RECEIVED}" />
    </annotation>
  </item>
  <item name="com.mixpanel.android.viewcrawler.ViewCrawler MESSAGE_HANDLE_EDITOR_TWEAKS_RECEIVED">
    <annotation name="android.support.annotation.IntDef">
      <val name="value" val="{com.mixpanel.android.viewcrawler.ViewCrawler.MESSAGE_INITIALIZE_CHANGES, com.mixpanel.android.viewcrawler.ViewCrawler.MESSAGE_CONNECT_TO_EDITOR, com.mixpanel.android.viewcrawler.ViewCrawler.MESSAGE_SEND_STATE_FOR_EDITING, com.mixpanel.android.viewcrawler.ViewCrawler.MESSAGE_HANDLE_EDITOR_CHANGES_RECEIVED, com.mixpanel.android.viewcrawler.ViewCrawler.MESSAGE_SEND_DEVICE_INFO, com.mixpanel.android.viewcrawler.ViewCrawler.MESSAGE_EVENT_BINDINGS_RECEIVED, com.mixpanel.android.viewcrawler.ViewCrawler.MESSAGE_HANDLE_EDITOR_BINDINGS_RECEIVED, com.mixpanel.android.viewcrawler.ViewCrawler.MESSAGE_SEND_EVENT_TRACKED, com.mixpanel.android.viewcrawler.ViewCrawler.MESSAGE_HANDLE_EDITOR_CLOSED, com.mixpanel.android.viewcrawler.ViewCrawler.MESSAGE_VARIANTS_RECEIVED, com.mixpanel.android.viewcrawler.ViewCrawler.MESSAGE_HANDLE_EDITOR_CHANGES_CLEARED, com.mixpanel.android.viewcrawler.ViewCrawler.MESSAGE_HANDLE_EDITOR_TWEAKS_RECEIVED}" />
    </annotation>
  </item>
  <item name="com.mixpanel.android.viewcrawler.ViewCrawler MESSAGE_INITIALIZE_CHANGES">
    <annotation name="android.support.annotation.IntDef">
      <val name="value" val="{com.mixpanel.android.viewcrawler.ViewCrawler.MESSAGE_INITIALIZE_CHANGES, com.mixpanel.android.viewcrawler.ViewCrawler.MESSAGE_CONNECT_TO_EDITOR, com.mixpanel.android.viewcrawler.ViewCrawler.MESSAGE_SEND_STATE_FOR_EDITING, com.mixpanel.android.viewcrawler.ViewCrawler.MESSAGE_HANDLE_EDITOR_CHANGES_RECEIVED, com.mixpanel.android.viewcrawler.ViewCrawler.MESSAGE_SEND_DEVICE_INFO, com.mixpanel.android.viewcrawler.ViewCrawler.MESSAGE_EVENT_BINDINGS_RECEIVED, com.mixpanel.android.viewcrawler.ViewCrawler.MESSAGE_HANDLE_EDITOR_BINDINGS_RECEIVED, com.mixpanel.android.viewcrawler.ViewCrawler.MESSAGE_SEND_EVENT_TRACKED, com.mixpanel.android.viewcrawler.ViewCrawler.MESSAGE_HANDLE_EDITOR_CLOSED, com.mixpanel.android.viewcrawler.ViewCrawler.MESSAGE_VARIANTS_RECEIVED, com.mixpanel.android.viewcrawler.ViewCrawler.MESSAGE_HANDLE_EDITOR_CHANGES_CLEARED, com.mixpanel.android.viewcrawler.ViewCrawler.MESSAGE_HANDLE_EDITOR_TWEAKS_RECEIVED}" />
    </annotation>
  </item>
  <item name="com.mixpanel.android.viewcrawler.ViewCrawler MESSAGE_SEND_DEVICE_INFO">
    <annotation name="android.support.annotation.IntDef">
      <val name="value" val="{com.mixpanel.android.viewcrawler.ViewCrawler.MESSAGE_INITIALIZE_CHANGES, com.mixpanel.android.viewcrawler.ViewCrawler.MESSAGE_CONNECT_TO_EDITOR, com.mixpanel.android.viewcrawler.ViewCrawler.MESSAGE_SEND_STATE_FOR_EDITING, com.mixpanel.android.viewcrawler.ViewCrawler.MESSAGE_HANDLE_EDITOR_CHANGES_RECEIVED, com.mixpanel.android.viewcrawler.ViewCrawler.MESSAGE_SEND_DEVICE_INFO, com.mixpanel.android.viewcrawler.ViewCrawler.MESSAGE_EVENT_BINDINGS_RECEIVED, com.mixpanel.android.viewcrawler.ViewCrawler.MESSAGE_HANDLE_EDITOR_BINDINGS_RECEIVED, com.mixpanel.android.viewcrawler.ViewCrawler.MESSAGE_SEND_EVENT_TRACKED, com.mixpanel.android.viewcrawler.ViewCrawler.MESSAGE_HANDLE_EDITOR_CLOSED, com.mixpanel.android.viewcrawler.ViewCrawler.MESSAGE_VARIANTS_RECEIVED, com.mixpanel.android.viewcrawler.ViewCrawler.MESSAGE_HANDLE_EDITOR_CHANGES_CLEARED, com.mixpanel.android.viewcrawler.ViewCrawler.MESSAGE_HANDLE_EDITOR_TWEAKS_RECEIVED}" />
    </annotation>
  </item>
  <item name="com.mixpanel.android.viewcrawler.ViewCrawler MESSAGE_SEND_EVENT_TRACKED">
    <annotation name="android.support.annotation.IntDef">
      <val name="value" val="{com.mixpanel.android.viewcrawler.ViewCrawler.MESSAGE_INITIALIZE_CHANGES, com.mixpanel.android.viewcrawler.ViewCrawler.MESSAGE_CONNECT_TO_EDITOR, com.mixpanel.android.viewcrawler.ViewCrawler.MESSAGE_SEND_STATE_FOR_EDITING, com.mixpanel.android.viewcrawler.ViewCrawler.MESSAGE_HANDLE_EDITOR_CHANGES_RECEIVED, com.mixpanel.android.viewcrawler.ViewCrawler.MESSAGE_SEND_DEVICE_INFO, com.mixpanel.android.viewcrawler.ViewCrawler.MESSAGE_EVENT_BINDINGS_RECEIVED, com.mixpanel.android.viewcrawler.ViewCrawler.MESSAGE_HANDLE_EDITOR_BINDINGS_RECEIVED, com.mixpanel.android.viewcrawler.ViewCrawler.MESSAGE_SEND_EVENT_TRACKED, com.mixpanel.android.viewcrawler.ViewCrawler.MESSAGE_HANDLE_EDITOR_CLOSED, com.mixpanel.android.viewcrawler.ViewCrawler.MESSAGE_VARIANTS_RECEIVED, com.mixpanel.android.viewcrawler.ViewCrawler.MESSAGE_HANDLE_EDITOR_CHANGES_CLEARED, com.mixpanel.android.viewcrawler.ViewCrawler.MESSAGE_HANDLE_EDITOR_TWEAKS_RECEIVED}" />
    </annotation>
  </item>
  <item name="com.mixpanel.android.viewcrawler.ViewCrawler MESSAGE_SEND_LAYOUT_ERROR">
    <annotation name="android.support.annotation.IntDef">
      <val name="value" val="{com.mixpanel.android.viewcrawler.ViewCrawler.MESSAGE_INITIALIZE_CHANGES, com.mixpanel.android.viewcrawler.ViewCrawler.MESSAGE_CONNECT_TO_EDITOR, com.mixpanel.android.viewcrawler.ViewCrawler.MESSAGE_SEND_STATE_FOR_EDITING, com.mixpanel.android.viewcrawler.ViewCrawler.MESSAGE_HANDLE_EDITOR_CHANGES_RECEIVED, com.mixpanel.android.viewcrawler.ViewCrawler.MESSAGE_SEND_DEVICE_INFO, com.mixpanel.android.viewcrawler.ViewCrawler.MESSAGE_EVENT_BINDINGS_RECEIVED, com.mixpanel.android.viewcrawler.ViewCrawler.MESSAGE_HANDLE_EDITOR_BINDINGS_RECEIVED, com.mixpanel.android.viewcrawler.ViewCrawler.MESSAGE_SEND_EVENT_TRACKED, com.mixpanel.android.viewcrawler.ViewCrawler.MESSAGE_HANDLE_EDITOR_CLOSED, com.mixpanel.android.viewcrawler.ViewCrawler.MESSAGE_VARIANTS_RECEIVED, com.mixpanel.android.viewcrawler.ViewCrawler.MESSAGE_HANDLE_EDITOR_CHANGES_CLEARED, com.mixpanel.android.viewcrawler.ViewCrawler.MESSAGE_HANDLE_EDITOR_TWEAKS_RECEIVED}" />
    </annotation>
  </item>
  <item name="com.mixpanel.android.viewcrawler.ViewCrawler MESSAGE_SEND_STATE_FOR_EDITING">
    <annotation name="android.support.annotation.IntDef">
      <val name="value" val="{com.mixpanel.android.viewcrawler.ViewCrawler.MESSAGE_INITIALIZE_CHANGES, com.mixpanel.android.viewcrawler.ViewCrawler.MESSAGE_CONNECT_TO_EDITOR, com.mixpanel.android.viewcrawler.ViewCrawler.MESSAGE_SEND_STATE_FOR_EDITING, com.mixpanel.android.viewcrawler.ViewCrawler.MESSAGE_HANDLE_EDITOR_CHANGES_RECEIVED, com.mixpanel.android.viewcrawler.ViewCrawler.MESSAGE_SEND_DEVICE_INFO, com.mixpanel.android.viewcrawler.ViewCrawler.MESSAGE_EVENT_BINDINGS_RECEIVED, com.mixpanel.android.viewcrawler.ViewCrawler.MESSAGE_HANDLE_EDITOR_BINDINGS_RECEIVED, com.mixpanel.android.viewcrawler.ViewCrawler.MESSAGE_SEND_EVENT_TRACKED, com.mixpanel.android.viewcrawler.ViewCrawler.MESSAGE_HANDLE_EDITOR_CLOSED, com.mixpanel.android.viewcrawler.ViewCrawler.MESSAGE_VARIANTS_RECEIVED, com.mixpanel.android.viewcrawler.ViewCrawler.MESSAGE_HANDLE_EDITOR_CHANGES_CLEARED, com.mixpanel.android.viewcrawler.ViewCrawler.MESSAGE_HANDLE_EDITOR_TWEAKS_RECEIVED}" />
    </annotation>
  </item>
  <item name="com.mixpanel.android.viewcrawler.ViewCrawler MESSAGE_VARIANTS_RECEIVED">
    <annotation name="android.support.annotation.IntDef">
      <val name="value" val="{com.mixpanel.android.viewcrawler.ViewCrawler.MESSAGE_INITIALIZE_CHANGES, com.mixpanel.android.viewcrawler.ViewCrawler.MESSAGE_CONNECT_TO_EDITOR, com.mixpanel.android.viewcrawler.ViewCrawler.MESSAGE_SEND_STATE_FOR_EDITING, com.mixpanel.android.viewcrawler.ViewCrawler.MESSAGE_HANDLE_EDITOR_CHANGES_RECEIVED, com.mixpanel.android.viewcrawler.ViewCrawler.MESSAGE_SEND_DEVICE_INFO, com.mixpanel.android.viewcrawler.ViewCrawler.MESSAGE_EVENT_BINDINGS_RECEIVED, com.mixpanel.android.viewcrawler.ViewCrawler.MESSAGE_HANDLE_EDITOR_BINDINGS_RECEIVED, com.mixpanel.android.viewcrawler.ViewCrawler.MESSAGE_SEND_EVENT_TRACKED, com.mixpanel.android.viewcrawler.ViewCrawler.MESSAGE_HANDLE_EDITOR_CLOSED, com.mixpanel.android.viewcrawler.ViewCrawler.MESSAGE_VARIANTS_RECEIVED, com.mixpanel.android.viewcrawler.ViewCrawler.MESSAGE_HANDLE_EDITOR_CHANGES_CLEARED, com.mixpanel.android.viewcrawler.ViewCrawler.MESSAGE_HANDLE_EDITOR_TWEAKS_RECEIVED}" />
    </annotation>
  </item>
</root>

